Model,ROC-AUC,PR-AUC
Random Forest,0.7772190476190477,0.6570062275184397
XGBoost,0.7753142857142857,0.6445122970525827
Logistic Regression,0.7558095238095238,0.6028366297295331
