Model,"ECE (uniform, 10 bins)","MCE (uniform, 10 bins)","ECE (quantile, 10 bins)","MCE (quantile, 10 bins)",Mean predicted PD
Logistic Regression,0.06911005852788603,0.20930713461087402,0.06330852968031493,0.17890789254440956,0.3047678700740015
Random Forest,0.063144,0.27416666666666667,0.06640800000000001,0.22499999999999998,0.306184
XGBoost,0.10007171404361727,0.33875561952590943,0.09503733678348361,0.20863821029663088,0.28824755549430847
